snr_db,UAV,WiFi,Generic
-30,0.006666666666666667,0.013333333333333334,0.02666666666666667
-28,0.04,0.013333333333333334,0.06
-26,0.02666666666666667,0.013333333333333334,0.13333333333333333
-24,0.06666666666666667,0.006666666666666667,0.4666666666666667
-22,0.19333333333333333,0.013333333333333334,0.9466666666666667
-20,0.6866666666666666,0.02666666666666667,1.0
-18,0.9733333333333334,0.05333333333333334,1.0
-16,1.0,0.04,1.0
-14,1.0,0.17333333333333334,1.0
-12,1.0,0.5533333333333333,1.0
-10,1.0,0.66,1.0
-8,1.0,1.0,1.0
-6,1.0,1.0,1.0
-4,1.0,1.0,1.0
-2,1.0,1.0,1.0
0,1.0,1.0,1.0
2,1.0,1.0,1.0
4,1.0,1.0,1.0
6,1.0,1.0,1.0
8,1.0,1.0,1.0
10,1.0,1.0,1.0
